id,doi,title,authors,journal,year,abstract,url,citation_count,theme,date_processed,full_summary,keywords,study_region,methodology,key_findings,ghg_result,implications,limitations
39,10.1007/s00374-025-01909-1,"Nitrous oxide fluxes, their sources, and soil microbial communities depend more on carbon availability than long- and short-term phosphorus addition",P. S. Rummel; A. Oyeogbe; Haitao Wang; Tim Urich; N. Wrage-Mönnig,Biology and Fertility of Soils,2025,,https://doi.org/10.1007/s00374-025-01909-1,4,Integrated Nutrient Management,2026-03-10 14:38:54,,,,,,,,
36,10.3390/agronomy15071703,Organic Nitrogen Substitution Enhances Carbon Sequestration but Increases Greenhouse Gas Emissions in Maize Cropping Systems,Yanan Liu; Xiaoqing Zhao; Yuchen Cheng; Rui Xie; Tiantian Meng; Liyu Chen,Agronomy,2025,"Excessive chemical fertilizers degrade soil and increase greenhouse gas (GHG) emissions. Organic substitution of nitrogen fertilizers is recognized as a sustainable agricultural-management practice, yet its dual role in carbon sequestration and emissions renders the net GHG balance (NGHGB) uncertain. To assess the GHG mitigation potential of organic substitution strategies, this study analyzed GHG fluxes, soil organic carbon (SOC) dynamics, indirect GHG emissions, and Net Primary Productivity (NPP) based on a long-term field positioning experiment initiated in 2016. Six fertilizer regimes were systematically compared: no fertilizer control (CK); only phosphorus and potassium fertilizer (PK); total chemical fertilizer (NPK); 1/3 chemical N substituted with sheep manure (OF1); dual substitution protocol with 1/6 chemical N substituted by sheep manure and 1/6 substituted by straw-derived N (OF2); complete chemical N substitution with sheep manure (OF3). The results showed that OF1 and OF2 maintained crop yields similar to those under NPK, whereas OF3 reduced yield by over 10%; relative to NPK, OF1, OF2, and OF3 significantly increased SOC sequestration rates by 50.70–149.20%, reduced CH4 uptake by 7.9–70.63%, increased CO2 emissions by 1.4–23.9%, decreased N2O fluxes by 3.6–56.2%, and mitigated indirect GHG emissions from farm inputs by 24.02–63.95%. The NGHGB was highest under OF1, 9.44–23.99% greater than under NPK. These findings demonstrate that partial organic substitution increased carbon sequestration, maintained crop yields, whereas high substitution rates increase the risk of carbon emissions. The study results indicate that substituting 1/3 of chemical nitrogen with sheep manure in maize cropping systems represents an effective fertilizer management approach to simultaneously balance productivity and ecological sustainability.",https://doi.org/10.3390/agronomy15071703,0,Integrated Nutrient Management,2026-03-10 14:37:56,,,,,,,,
33,10.1002/ep.14612,"Assessing greenhouse gas emissions and energy consumption from 15 sugar cane farms in Karvir taluka, India using the cool farm tool",Amanullah Adeel; Pete Smith; S. Vetter; S.S. Otari; A. S. Jadhav,Environmental Progress & Sustainable Energy,2025,"This study aimed to determine the greenhouse gas (GHG) emissions and energy consumption of sugarcane farms in Karvir, India, and the potential reductions achieved by switching to diammonium phosphate (DP) fertilizer instead of nitrogen, phosphorus, and potassium (NPK) fertilizer, and by using hydropower electricity instead of diesel for energy requirements. We employed the Cool Farm Tool to evaluate the aforementioned issues. The research incorporated data from 15 farms, agricultural centers, sugarcane industries, and laboratory analyses. The findings indicated that the existing output of 740,000 metric tons of sugarcane from 8500 hectares y−1 resulted in total greenhouse gas emissions of 79 kilotons of CO2 eq annually. Hydropower generation demonstrated a 27% (average) decrease in emissions compared to diesel (p < 0.01). Furthermore, DP exhibited a decline of 12% on average in emissions in comparison to NPK. We categorized GHG emissions from sources such as residue, soil fertilizer, energy consumption, cattle dung, pesticides, and off‐farm transportation, with CO2 being the most significant, followed by CH4 and N2O. The outputs show the necessity for low‐emission and energy‐efficient alternatives to crop residue burning, a shift to hydropower instead of diesel, and a transition from NPK to DP when feasible.",https://doi.org/10.1002/ep.14612,2,Integrated Nutrient Management,2026-03-10 14:36:59,,,,,,,,
31,10.1111/grs.70001,"The effect of the combined application of agricultural waste‐ and manure‐based biochar on soil properties, microbial abundance, CO2 emissions and grass growth",Laila Dini Harisa; Dicky Aldian; Darmawan; M. Yayota,Grassland Science,2025,"Livestock manure is usually used as an organic fertilizer, yet its direct application to soil can cause several environmental problems, including greenhouse gas (GHG) emissions, N2O emissions and nutrient runoff into ecosystems. Transforming animal manure (AM) into biochar may mitigate these problems. This study evaluated the effects of combining AM biochar and agricultural waste (AW) biochar made from rice husk on soil and forage properties under potted conditions (85 × 32 × 24.2 cm3 pot). Five biochar treatments (100AW, 75AW25AM, 50AW50AM, 25AW75AM and 100AM, as volumetric ratio) were applied in four replicates. Chemical fertilizers—ammonium sulfate, potassium sulfate and superphosphate—were used as the nitrogen, potassium and phosphorus sources at rates 1.0, 0.5 and 0.5 kg/are, respectively. Soil samples were collected at 10 cm depth for physicochemical analyses, such as bulk density, total pores space, soil pH, water content, cation exchange capacity (CEC), available phosphorus (P), total carbon (TC), total nitrogen (TN) and soil microbial abundance. These analyses were conducted in the greenhouse at 60‐, 130‐, and 190 days post‐biochar application. Due to the suboptimal growth under greenhouse conditions, the grass was reseeded upon transferring the pots outdoors, resulting in successful growth. Carbon dioxide (CO2) emissions were measured every 10 days for 190 days in the greenhouse and additional 40 days outdoors. Results indicated that 50AW50AM biochar or more AM biochar applications reduced soil bulk density, increased total pore space, improved the water retention and increased the soil TC and TN contents compared to AW biochar alone. High AM biochar application did not affect soil microbial abundance, cumulative CO2 emissions or grass yield. Though grass yield effects were limited, biochar nutrient enrichment may be valuable for enhancing soil and plant productivity.",https://doi.org/10.1111/grs.70001,0,Integrated Nutrient Management,2026-03-10 14:36:20,,,,,,,,
11,10.3389/fsufs.2024.1514409,Integrating green manure and fertilizer reduction strategies to enhance soil carbon sequestration and crop yield: evidence from a two-season pot experiment,Jun Zhang; Wei He; Zheng Wei; Yifei Chen; Weichun Gao,Frontiers in Sustainable Food Systems,2025,"The excessive use of chemical fertilizers in agricultural production has led to diminishing returns, necessitating alternative methods to enhance soil fertility and reduce fertilizer dependency. One promising approach is the integration of leguminous green manure, which improves soil structure, enhances nutrient cycling, and supports sustainable farming practices. However, the application of green manure in systems with continuous fertilizer reduction remains underexplored. This study addresses this gap by investigating the effects of reducing nitrogen and phosphorus fertilizers (N-P) by up to 24% in conjunction with multiple cropping of soybean green manure on soil fertility, organic carbon fractions, and wheat yield. The research employed a pot experiment conducted over two wheat-growing seasons (March 2021 to July 2022) at an experimental station in Baoji, China. Treatments included CK (control, no fertilizer), CF (conventional fertilizer), and reduced N-P fertilizer applications by 6% (RF6), 12% (RF12), 18% (RF18), and 24% (RF24). Key findings revealed that RF12 had no significant impact on wheat grain yield compared to CF. The incorporation of soybean green manure significantly improved soil alkaline nitrogen by 22.3% and available phosphorus by 30.7%, while high-labile organic carbon (H-LOC) and microbial biomass carbon (MBC) increased by 34.5 and 29.6%, respectively. Additionally, a notable increase of 12.4% in soil organic carbon content was observed, suggesting enhanced carbon sequestration potential. This study provides valuable insights into sustainable agricultural practices by demonstrating that incorporating leguminous green manure alongside moderate fertilizer reduction can maintain crop yield, improve soil nutrient availability, and increase organic carbon content, thus supporting reduced reliance on chemical fertilizers and promoting long-term soil fertility and carbon sequestration.",https://doi.org/10.3389/fsufs.2024.1514409,9,Environmental Policy and P Regulation,2026-03-09 10:19:13,,,,,,,,
10,10.3389/fsufs.2025.1669065,NPK quota-based fertilization: a sustainable strategy for enhancing fertilizer efficiency and mitigating paddy field acidification and environmental costs in Chongqing,Yan Wang; Duan Yu; Shuai Wang; Jingkun Zhao; Lingyun Chen; Dengwei Fu,Frontiers in Sustainable Food Systems,2025,"Widespread paddy field acidification in China has made many medium- and low-yield fields unsustainable due to excessive fertilization. This study determined optimal NPK fertilizer quotas for rice production in Chongqing by integrating yield levels with principles of matching total nitrogen (N), maintaining soil phosphorus (P), and adjusting potassium (K) to yield. Results showed recommended NPK quotas ranged from 104 to 185 kg N/ha, 44–84 kg P₂O₅/ha, and 18–35 kg K₂O/ha (lower limits) to 143–224 kg N/ha, 50–98 kg P₂O₅/ha, and 56–111 kg K₂O/ha (upper limits). Implementation of these quotas could reduce fertilizer use by 1,862 tons of N, 524 tons of P₂O₅, and 1,275 tons of K₂O, with the highest reduction potential in low-yield regions (2,109 tons N, 654 tons P₂O₅, and 268 tons K₂O). Notably, low-yield rice paddy fields exhibited significantly higher fertilizer application rates than medium- and high-yield fields. Excessive N and P use increases soil acidification, reactive nitrogen (Nr) loss, greenhouse gas (GHG) emissions, and water eutrophication, exacerbating soil degradation. To address these issues, we propose revised N and P quotas (104–141 kg N/ha and 44–60 kg P₂O₅/ha), which reduced Nr loss, GHG emissions, soil acidification potential (SAP), and water eutrophication potential (WEP) by 18, 6, 18, and 14%, respectively. This study proposes new NPK fertilizer application thresholds tailored to mitigating agricultural land degradation while improving agricultural productivity.",https://doi.org/10.3389/fsufs.2025.1669065,0,Environmental Policy and P Regulation,2026-03-09 10:02:48,,,,,,,,
6,10.36959/973/449,Struvite Effects on Greenhouse Gas Emissions from Furrow-irrigated Rice in the Greenhouse,Chandler M. Arel; K. Brye; Diego Della Lunga; T. Roberts; Richard Adams,Journal of Rice Research and Developments,2025,"The production and use of struvite (MgNH 4 PO 4 · 6H 2 O) as an alternative fertilizer-phosphorus (P) source could remove excess nutrients from wastewater and potentially reduce greenhouse gas (GHG) emissions from agricultural production systems such as furrow-irrigated rice. The objective of this study was to evaluate the effects of fertilizer-P source [i.e., synthetic and real-wastewater-derived electrochemically precipitated struvite (ECST Syn and ECST Real , respectively), chemically precipitated struvite (CPST), monoammonium phosphate (MAP), and an unamended control (UC)] on carbon dioxide (CO 2 ), methane (CH 4 ), and nitrous oxide (N 2 O) fluxes, season-long emissions, and global warming potentials (GWPs) from simulated furrow-irrigated rice. The hybrid rice cultivar RT 7302 was grown in tubs under controlled greenhouse conditions in a P-deficient silt-loam soil. Gas sample collection occurred weekly over a 162-day period during Summer 2023. Season-long emissions and GWPs were calculated at the end of the season. Season-long N­ 2 O emissions were greatest from the UC (6.1 kg N 2 O ha -1 season -1 ) and differed from all other fertilizer-P treatments. Season-long CO 2 emissions were similar among P-receiving treatments but were numerically greatest from MAP (23.2 Mg CO 2 ha -1 season -1 ), which was similar to CPST and both ECST fertilizer-P sources. The CO 2 -excluded GWP was greatest from the UC (1622.7 kg CO 2 -equivalents ha -1 season -1 ) and differed from all other fertilizer-P treatments. Results of this study emphasized that the use of wastewater-recovered struvite in furrow-irrigated rice could improve the sustainability of Arkansas rice production through the reduction of GHG emissions without reducing plant response compared to other widely used, commercially available fertilizer-P sources.",https://doi.org/10.36959/973/449,1,Environmental Policy and P Regulation,2026-03-09 10:01:31,,,,,,,,
4,10.3390/agriculture15080815,Greenhouse Gas Emissions from Flood-Irrigated Rice as Affected by Phosphorus Fertilizer Source,Chandler M. Arel; K. Brye; Diego Della Lunga; T. Roberts; Richard Adams,Agriculture,2025,"Research into alternative phosphorus (P) fertilizer sources that may be able to supplement P resources is necessary. Struvite (MgNH4PO4 · 6H2O) can be made by removing excess nutrients from waste sources and may reduce greenhouse gas (GHG) emissions from cropping systems. This study sought to quantify GHG [i.e., methane (CH4), nitrous oxide (N2O), and carbon dioxide (CO2)] fluxes, season-long emissions, and net GHG emissions from chemically precipitated struvite (CPST) and synthetic and real-wastewater-derived electrochemically precipitated struvite (ECST) compared to monoammonium phosphate (MAP) and an unamended control (UC) from flood-irrigated rice (Oryza sativa) grown in P-deficient, silt loam soil in a greenhouse. Gas samples were collected weekly over a 140-day period in 2022. Methane and CO2 emissions differed (p < 0.05) among P fertilizer sources, while N2O emissions were similar among all treatments. Methane, CO2, and N2O emissions from MAP-fertilized rice were the greatest (98.7, 20,960, and 0.44 kg ha−1 season−1, respectively), but they were similar to those of CH4 and CO2 for CPST and those of N2O for all other P fertilizer sources. Season-long CH4, CO2, and N2O emissions and net GHG emissions did not differ between ECST materials. This study’s results emphasized the potential that wastewater-recovered struvite has to reduce GHG emissions in rice production systems.",https://doi.org/10.3390/agriculture15080815,1,Environmental Policy and P Regulation,2026-03-09 10:00:52,,,,,,,,
2,10.3389/fsufs.2025.1571263,"Enhancing yield and GHG mitigation through site-specific nutrient management for transplanted and direct-seeded rice in Odisha, India",A. Chaudhary; Ajay Kumar Mishra; Veluswamy Venkatramanan; Sheetal Sharma,Frontiers in Sustainable Food Systems,2025,"The Rice Crop Manager (RCM), a web-based decision support tool rooted in Site-Specific Nutrient Management (SSNM), provides transformative solutions to address the challenges of fertilizer overuse and underuse in rice production. This study, conducted across diverse agro-ecologies in Odisha, India, evaluates the impact of SSNM under two rice establishment methods—Transplanted Rice (TPR) and Direct-Seeded Rice (DSR)—over six cropping seasons. Results reveal that RCM recommendations consistently increased grain yields by 17–19% compared to traditional Farmer Fertilizer Practices (FFP) while significantly improving nitrogen and potassium use efficiency. SSNM also reduced phosphorus application rates by 8.6–18.1 kg/ha and effectively mitigated critical micronutrient deficiencies, particularly zinc. Additionally, RCM treatments demonstrated reduced greenhouse gas (GHG) emissions compared to FFP, highlighting the role of precision agriculture in mitigating climate impacts. Despite slightly higher initial input costs, RCM delivered greater economic returns through optimized fertilizer use. While TPR exhibited higher yield advantages, DSR emerged as a resource-efficient and mechanization-compatible alternative, though it requires targeted interventions to address challenges such as nitrous oxide emissions. This study underscores the potential of RCM as a scalable, data-driven solution for enhancing productivity, profitability, and environmental sustainability in rice systems.",https://doi.org/10.3389/fsufs.2025.1571263,2,Environmental Policy and P Regulation,2026-03-09 10:00:13,,,,,,,,
34,10.3390/agronomy14040805,Influence of the Depth of Nitrogen-Phosphorus Fertilizer Placement in Soil on Maize Yielding and Carbon Footprint in the Loess Plateau of China,Huan Huang; Qi Wu; Fu Liu; Zihui Zhang; Benzheng Liu; Guoxia Zhou,Agronomy,2024,"Deep fertilization is a beneficial approach for reducing nitrogen losses. However, the effects of various fertilization depths on maize (Zea mays L.) productivity and environmental footprints have not been thoroughly understood. Therefore, a field experiment was conducted to investigate the effects of different fertilization depths of 5 cm (D5), 15 cm (D15), 25 cm (D25), and 35 cm (D35) on maize productivity and environmental footprints. Reactive nitrogen (Nr) losses and greenhouse gas (GHG) emissions were assessed using life cycle analysis. We hypothesized that deep fertilization can obtain lower carbon and nitrogen footprint. The results indicated that deep fertilization decreased the N2O and NH3 emissions while increasing the CH4 uptake. Compared with D5, D15 resulted in an increase in total GHG emissions and carbon footprint (CF), whereas D25 decreased by 13.0% and 23.6%, respectively. Compared with D5, the Nr losses under D15, D25, and D35 conditions was reduced by 11.3%, 17.3%, and 21.0%, respectively, and the nitrogen footprint (NF) was reduced by 16.0%, 27.4%, and 19.0%, respectively. The maize yield under D15 and D25 increased by 5.7% and 13.8%, respectively, compared with the D5 treatment, and the net economic benefits of the ecosystem increased by 7.1% and 17.1%, respectively. In summary, applying fertilizer at a depth of 25 cm can significantly reduce the environmental footprints and increase maize productivity, making it an effective fertilization strategy in the Loess Plateau region of China.",https://www.mdpi.com/2073-4395/14/4/805/pdf?version=1712927402,3,Integrated Nutrient Management,2026-03-10 14:37:18,,,,,,,,
14,10.1002/saj2.20677,Stacking nitrogen management practices: Combining double‐slot fertilizer injection with urease and nitrification inhibitors improves yields and reduces ammonia and nitrous oxide emissions,C. Drury; Ikechukwu V. Agomoh; Xueming Yang; L. Phillips; W. D. Reynolds; Matthew J. Helmers,Soil Science Society of America Journal,2024,"Ammonia loss following nitrogen fertilization can degrade air quality and impact human health, whereas nitrous oxide (N2O) can contribute to global warming and climate change. Mitigation practices that target only one N‐loss pathway can lead to pollution swamping; hence, practices targeting both N‐losses are required. A 3‐year field study examined fertilizer N‐placement (broadcast urea, single‐slot injection of urea ammonium nitrate [UAN], double‐slot UAN injection) and N‐metabolization inhibitors (with/without urease and nitrification inhibitors) impacts on NH3 and N2O losses and corn yields. Ammonia volatilization was reduced (p < 0.05) by 26% with single‐slot UAN injection (10.6 kg N ha−1) and by 63% with double‐slot UAN injection (5.32 kg N ha−1) compared to broadcast urea (14.3 kg N ha−1). Dual urease and nitrification inhibitors reduced NH3 volatilization (0.84–3.86 kg N ha−1) by 57%–92% compared to no inhibitors (5.32–14.3 kg N ha−1). When no inhibitors were applied, N2O emissions from slot injection (6.43–7.62 kg N ha−1) were 2.6–3.1 times greater than from broadcast urea (2.43 kg N ha−1). Dual inhibitors reduced N2O emissions by 43% from 6.43 to 3.66 kg N ha−1 with double‐slot injection. Double‐slot UAN injection increased corn grain yields (9.73 t ha−1) by 12%–13% compared to single‐slot UAN injection (8.71 t ha−1) and broadcast urea (8.6 t ha−1). Double‐slot UAN injection effectively decreased NH3 losses and increased corn grain yields, but dual N inhibitors were required to also reduce N2O. Hence, combined productivity and environmental benefits were accrued only when fertilizer containing urease and nitrification inhibitors was combined with double‐slot injection.",https://onlinelibrary.wiley.com/doi/pdfdirect/10.1002/saj2.20677,6,Environmental Policy and P Regulation,2026-03-09 10:20:10,,,,,,,,
3,10.3389/fclim.2024.1342896,Struvite-phosphorus effects on greenhouse gas emissions and plant and soil response in a furrow-irrigated rice production system in eastern Arkansas,Diego Della Lunga; K. Brye; T. Roberts; Jonathan B. Brye; Michelle Evans‐White; Christopher G. Henry,Frontiers in Climate,2024,"Phosphorus (P) fertilizers with low water solubility, like struvite (MgNH4PO4·6H2O), have been identified to possibly reduce nutrient losses in furrow-irrigated cropping systems. However, there is a lack of research on the impacts of P and nitrogen (N) fertilization on greenhouse gas [GHG; i.e., methane (CH4), nitrous oxide (N2O), and carbon dioxide (CO2)] production in furrow-irrigated rice (Oryza sativa). The objective of this study was to evaluate the effects of electrochemically precipitated struvite (ECST), chemically precipitated struvite (CPST), triple superphosphate (TSP), diammonium phosphate (DAP), environmentally smart nitrogen (ESN), and an unamended control (CT) on GHG emissions, global warming potential (GWP), and plant and soil responses at the up-slope position of a furrow-irrigated rice field in east-central Arkansas. Seasonal CH4 and CO2 emissions did not differ (P > 0.05) among fertilizer treatments, while N2O emissions were greater (P = 0.02) from CT (i.e., 5.97 kg ha−1 season−1), which did not differ from ECST, and were lowest from ESN (1.50 kg ha−1 season−1), which did not differ from TSP, CPST, ECST, and DAP. Global warming potential was greatest (P < 0.05) from CT (1612 kg CO2 eq. ha−1 season−1), which did not differ from ECST, and was lowest from ESN (436 kg CO2 eq. ha−1 season−1), which did not differ from TSP, ECST, CPST, and DAP. The combination of numerically greater yield and lower N2O emissions from CPST and ESN suggested that slow-release fertilizers could constitute an effective mitigation tool to reduce GHG emissions, maintain production, and improve sustainability in furrow-irrigated rice systems.",https://www.frontiersin.org/articles/10.3389/fclim.2024.1342896/pdf?isPublishedV2=False,8,Environmental Policy and P Regulation,2026-03-09 10:00:33,,,,,,,,
1,10.1002/agg2.20482,Water regime and fertilizer‐phosphorus source effects on greenhouse gas emissions from rice,Diego Della Lunga; K. Brye; T. Roberts; Jonathan B. Brye; Michelle Evans‐White; Daniel J. Lessner,"Agrosystems, Geosciences &amp; Environment",2024,"Greenhouse gas (GHG) emissions from rice (Oryza sativa) systems have been correlated to water management practice, but to date, no study has directly evaluated three main GHGs (i.e., methane [CH4], nitrous oxide [N2O], and carbon dioxide [CO2]) under flood‐ and furrow‐irrigated conditions at the same time as affected by various fertilizer‐phosphorus (P) sources, in particular the reportedly slow‐release struvite‐P source. Therefore, the objective of this study was to evaluate the effect of water regime (flooded and furrow‐irrigated) and fertilizer‐P source (diammonium phosphate, chemically precipitated struvite, electrochemically precipitated struvite [ECST], triple superphosphate, and an unamended control) on GHG emissions and two‐ and three‐gas global warming potentials (GWP* and GWP, respectively) in the greenhouse. Methane emissions were 10 times greater (p < 0.05) under flooded (29.4 kg CH4 ha−1 season−1) than under furrow‐irrigated conditions (2.9 kg CH4 ha−1 season−1), and four times lower (p < 0.05) with ECST (3.4 kg CH4 ha−1 season−1) than other fertilizer‐P sources, while CO2 emissions were three times greater (p < 0.05) under furrow‐irrigated (23,428 kg CO2 ha−1 season−1) than under flooded (8290 kg CO2 ha−1 season−1) conditions. The GWP* under furrow‐irrigated conditions was almost 40% lower (p < 0.05) than under flooded conditions. Although N2O emissions were unaffected by fertilizer‐P source, the N2O contribution to GWP* was more than 80% under furrow‐irrigated conditions. Flood‐ and furrow‐irrigated water regimes require diversified approaches in GHG mitigation, where the best management for ECST needs to be more fully evaluated.",https://onlinelibrary.wiley.com/doi/pdfdirect/10.1002/agg2.20482,7,Environmental Policy and P Regulation,2026-03-09 09:59:54,,,,,,,,
32,10.1016/j.scitotenv.2023.168501,Region oriented and integrated approach to reduce emissions of nutrients and greenhouse gases from agriculture in the Netherlands.,H. Kros; Twan Cals; Edo Gies; Piet Groenendijk; J. Lesschen; J. Voogd,The Science of the total environment,2023,"Agricultural practices are causing a variety of environmental impacts such as emissions of ammonia (NH3) and greenhouse gases (GHG), and leaching and runoff of nutrients to groundwater and surface water. Measures need to be taken to achieve environmental targets set in European agreements and directives, such as the Birds and Habitats Directives, Nitrates Directive, Water Framework Directive and Fit for 55 package. To explore solutions for these issues an integral approach is needed, in which synergies between measures are included and pollution swapping is avoided. In addition, spatial interaction needs to be included because the environmental impacts are related to the spatial distribution of nature sites, farming systems, soil type and hydrology. We performed a regionalised approach for the Netherlands using a suite of models to simulate the effect of agricultural measures on manure and fertilizer distribution, emissions of NH3 and GHG, nitrogen (N) deposition on nature, nitrate (NO3-) leaching to groundwater, N and phosphorus (P) losses to surface waters, and soil carbon (C) sequestration. A mix of structural, technical and management measures was evaluated to achieve targets on both regional and national level for a regionalised approach and a more generic (national) approach. Results show that the regionalised approach is more beneficial, especially for water quality improvement and N deposition reduction and to a lesser extend for the mitigation of GHG emissions and NO3- leaching. When all measures are fully implemented, the 2030 targets for NO3- and N deposition can be attained, but the targets for surface water and climate mitigation cannot be met.",https://doi.org/10.1016/j.scitotenv.2023.168501,11,Integrated Nutrient Management,2026-03-10 14:36:39,,,,,,,,
23,10.1126/sciadv.adh2458,Earth beyond six of nine planetary boundaries,Katherine Richardson; Will Steffen; Wolfgang Lucht; Jørgen Bendtsen; Sarah Cornell; Jonathan F. Donges,Science Advances,2023,"This planetary boundaries framework update finds that six of the nine boundaries are transgressed, suggesting that Earth is now well outside of the safe operating space for humanity. Ocean acidification is close to being breached, while aerosol loading regionally exceeds the boundary. Stratospheric ozone levels have slightly recovered. The transgression level has increased for all boundaries earlier identified as overstepped. As primary production drives Earth system biosphere functions, human appropriation of net primary production is proposed as a control variable for functional biosphere integrity. This boundary is also transgressed. Earth system modeling of different levels of the transgression of the climate and land system change boundaries illustrates that these anthropogenic impacts on Earth system must be considered in a systemic context.",https://doi.org/10.1126/sciadv.adh2458,2462,Integrated Nutrient Management,2026-03-10 08:08:57,,,,,,,,
9,10.1016/j.scitotenv.2022.156643,Evaluation of management practices on agricultural nonpoint source pollution discharges into the rivers under climate change effects.,Nasrin Badrzadeh; J. Samani; M. Mazaheri; Alban Kuriqi,The Science of the total environment,2022,"In recent years, agricultural non-point source pollution (ANPSP) has become the biggest threat to Aras River water quality by completing the Mughan irrigation and drainage network. Nutrient pollutants, including nitrate and phosphate, released into the river through drains have created a range of obstacles for locals living around the river. Agricultural activities are generally considered the largest source of non-point pollution. They have no complex and uniform impact along the river. Thus, the spatial distribution of ANPS and highly polluted areas should be identified to manage watershed management. This study proposes a simple framework for identifying pollutant-sensitive areas along the river and management strategies to improve water quality. To this aim, the main factors affecting ANPSP were identified, and the effectiveness of the scenarios selected to comply with water quality regulations for drinking and environment during 1993-2007 were simulated. Based on the sensitivity analysis, land use and fertilizer are the main factors affecting river ANPSP. Thus, their changes were modeled in different scenarios. Based on the results, the ANPSP load was higher downstream. The agricultural lands in region 3 were considered the main source of pollution. Comparing the management scenarios showed that the amount of nitrate and phosphate leaching into the river decreased to 18.1 and 8.35 %, respectively, by reducing the consumption of urea and phosphate fertilizers by 50 %. The results help watershed managers implement eco-friendly land use and nutrient management programs at specific locations during specific periods to control ANPSP along the rivers.",https://doi.org/10.1016/j.scitotenv.2022.156643,110,Environmental Policy and P Regulation,2026-03-09 10:02:28,,,,,,,,
7,10.1016/j.scitotenv.2022.155997,Synergies in sustainable phosphorus use and greenhouse gas emissions mitigation in China: Perspectives from the entire supply chain from fertilizer production to agricultural use.,Haiqing Gong; Yu Guo; Jiechen Wu; Huijun Wu; P. M. Nkebiwe; Zhengxian Pu,The Science of the total environment,2022,"Synergies to achieve high phosphorus (P) use efficiency (PUE) and mitigate greenhouse gas (GHG) emissions are critical for developing strategies aimed toward agricultural green development. However, the potential effects of such synergies in the entire P supply chain through optimizing P management in crop production are poorly understood. In this study, a partial life cycle of a GHG emissions model was developed to quantify the P-related GHG emissions in the entire P supply chain in China. Our results showed that 16.3 kg CO2-equivalent (CO2-eq) was produced from the entire P supply chain per unit of P used for grain agriculture (maize, rice, and wheat). P-related GHG emissions in China increased more than five-fold from 1980 (7.2 Tg CO2-eq) to 2018 (44.9 Tg CO2-eq). GHG emissions were found to be strongly associated with the intensity of grain production in China, and they varied considerably across production regions owing to the differences in the P fertilizer production efficiency. Mineral P fertilizer use in crop production was the primary source of P-related GHG emissions. The results suggest that sustainable P management by matching mineral P fertilizer rates and fertilizer types with crop needs can mitigate GHG emissions by 10.8-27.7 Tg (24.0-65.1%). Moreover, this can improve PUE and reduce mineral P input by 0.7-1.4 Tg (24.0-46.0%). These findings highlight that potential synergies between high PUE and low P-related GHG emissions can be achieved via sustainable P management, thereby enhancing green agricultural development in China and other regions worldwide.",https://doi.org/10.1016/j.scitotenv.2022.155997,16,Environmental Policy and P Regulation,2026-03-09 10:01:50,,,,,,,,
15,10.1111/gcb.15975,"Data‐driven estimates of fertilizer‐induced soil NH3, NO and N2O emissions from croplands in China and their climate change impacts",Ruoya Ma; Kai Yu; Shuqi Xiao; Shuwei Liu; P. Ciais; Jianwen Zou,Global Change Biology,2021,"Gaseous reactive nitrogen (Nr) emissions from agricultural soils to the atmosphere constitute an integral part of global N cycle, directly or indirectly causing climate change impacts. The extensive use of N fertilizer in crop production will compromise our efforts to reduce agricultural Nr emissions in China. A national inventory of fertilizer N‐induced gaseous Nr emissions from croplands in China remains to be developed to reveal its role in shaping climate change. Here we present a data‐driven estimate of fertilizer N‐induced soil Nr emissions based on regional and crop‐specific emission factors (EFs) compiled from 379 manipulative studies. In China, agricultural soil Nr emissions from the use of synthetic N fertilizer and manure in 2018 are estimated to be 3.81 and 0.73 Tg N yr−1, with a combined contribution of 23%, 20% and 15% to the global agricultural emission total of ammonia (NH3), nitrous oxide (N2O) and nitric oxide (NO), respectively. Over the past three decades, NH3 volatilization from croplands has experienced a shift from a rapid increase to a decline trend, whereas N2O and NO emissions always maintain a strong growth momentum due to a robust and continuous rise of EFs. Regionally, croplands in Central south (1.51 Tg N yr−1) and East (0.99 Tg N yr−1) of China exhibit as hotspots of soil Nr emissions. In terms of crop‐specific emissions, rice, maize and vegetable show as three leading Nr emitters, together accounting for 61% of synthetic N fertilizer‐induced Nr emissions from croplands. The global warming effect derived from cropland N2O emissions in China was found to dominate over the local cooling effects of NH3 and NO emissions. Our established regional and crop‐specific EFs for gaseous Nr forms provide a new benchmark for constraining the IPCC Tier 1 default EF values. The spatio‐temporal insight into soil Nr emission data from N fertilizer application in our estimate is expected to advance our efforts towards more accurate global or regional cropland Nr emission inventories and effective mitigation strategies.",https://doi.org/10.1111/gcb.15975,111,Environmental Policy and P Regulation,2026-03-09 10:20:30,,,,,,,,
8,10.1002/jeq2.20292,Management of phosphorus nutrient amidst climate change for sustainable agriculture.,T. Maharajan; S. Ceasar; T. P. Krishna; S. Ignacimuthu,Journal of environmental quality,2021,"Nutrients are essential for plant growth and development; they influence the overall agricultural production. Phosphorus (P) is a major nutrient required for many physiological and biochemical functions of the plant. Phosphate rock is the major source of phosphate fertilizer which is becoming increasingly limited in both developing and developed countries. The resources of phosphate rock need to be conserved and import dependency on phosphate fertilizer be minimized; this will help increase the availability of phosphate fertilizer over the next 300 years. Climate change induces new challenges in the management of nutrients including P, affecting the overall production of crops. The availability, acquisition and translocation of P are influenced by the fluctuation of temperatures, pH, drought and elevated carbon-di-oxide (CO2 ). Both lower and higher soil temperatures reduce uptake and translocation of P. High soil pH affects P concentration and decreases the rate of plant P uptake. Low soil pH decreases the activity of soil microorganisms, rate of transpiration, P uptake and utilization. Elevated CO2 decreases P uptake from soil by the plants. Future research is needed on chemical, molecular, microbiological and physiological aspects to improve the understanding on how temperature, pH, drought and elevated CO2 affect the availability, acquisition and transport of P by the plants. Better P management strategies are required to secure P supply to ensure long term protection of soil fertility and to avoid environmental impacts such as eutrophication and water pollution ensuring sustainable food production.",https://doi.org/10.1002/jeq2.20292,51,Environmental Policy and P Regulation,2026-03-09 10:02:09,,,,,,,,
40,10.1073/pnas.2001403117,Land use and climate change impacts on global soil erosion by water (2015-2070),Pasquale Borrelli; David A. Robinson; Panos Panagos; Emanuele Lugato; Jae E. Yang; Christine Alewell,Proceedings of the National Academy of Sciences,2020,"Soil erosion is a major global soil degradation threat to land, freshwater, and oceans. Wind and water are the major drivers, with water erosion over land being the focus of this work; excluding gullying and river bank erosion. Improving knowledge of the probable future rates of soil erosion, accelerated by human activity, is important both for policy makers engaged in land use decision-making and for earth-system modelers seeking to reduce uncertainty on global predictions. Here we predict future rates of erosion by modeling change in potential global soil erosion by water using three alternative (2.6, 4.5, and 8.5) Shared Socioeconomic Pathway and Representative Concentration Pathway (SSP-RCP) scenarios. Global predictions rely on a high spatial resolution Revised Universal Soil Loss Equation (RUSLE)-based semiempirical modeling approach (GloSEM). The baseline model (2015) predicts global potential soil erosion rates of [Formula: see text] Pg yr<sup>-1</sup>, with current conservation agriculture (CA) practices estimated to reduce this by ∼5%. Our future scenarios suggest that socioeconomic developments impacting land use will either decrease (SSP1-RCP2.6-10%) or increase (SSP2-RCP4.5 +2%, SSP5-RCP8.5 +10%) water erosion by 2070. Climate projections, for all global dynamics scenarios, indicate a trend, moving toward a more vigorous hydrological cycle, which could increase global water erosion (+30 to +66%). Accepting some degrees of uncertainty, our findings provide insights into how possible future socioeconomic development will affect soil erosion by water using a globally consistent approach. This preliminary evidence seeks to inform efforts such as those of the United Nations to assess global soil erosion and inform decision makers developing national strategies for soil conservation.",https://doi.org/10.1073/pnas.2001403117,1299,Integrated Nutrient Management,2026-03-10 14:39:14,,,,,,,,
38,10.1038/s41586-020-2780-0,A comprehensive quantification of global nitrous oxide sources and sinks,Hanqin Tian; Rongting Xu; Josep G. Canadell; Rona L. Thompson; Wilfried Winiwarter; Parvadha Suntharalingam,Nature,2020,,https://doi.org/10.1038/s41586-020-2780-0,1789,Integrated Nutrient Management,2026-03-10 14:38:35,,,,,,,,
37,10.1016/J.SOILBIO.2020.107974,NosZ clade II rather than clade I determine in situ N2O emissions with different fertilizer types under simulated climate change and its legacy,Xiaoya Xu; Yaowei Liu; B. Singh; Qi Yang; Qichun Zhang; Hailong Wang,Soil Biology & Biochemistry,2020,"Abstract The feedback of greenhouse gas emissions to climate change is vital for understanding and predicting the impact of global warming on ecosystem functions. However, the legacy effect of simulated climate change on nitrous oxide (N2O) emissions and the associated microbial guilds remain largely unknown. Using a climate change field-based mesocosm facility, we studied the impact of a warmer and drier environment and its legacy effect on in situ N2O emissions with different fertilizer types (manure and urea). The related functional guilds including N2O-producer [ammonia-oxidizing archaea and bacteria (AOA and AOB), nirS/K-type denitrifying bacteria, and nirK-type denitrifying fungi] and N2O-reducer (nosZI and nosZII) were analyzed by using high throughput and cloning sequencing. The simulated climate change significantly decreased in situ N2O emissions in the fertilized soil (urea- or manure-treated) while increasing the emissions in a non-fertilized soil. The AOA and AOB were well adapted to the simulated climate change condition in the manure- and urea-treated soil, respectively. In contrast, the fungal nirK-type N2O-producers were well adapted in non-fertilized soil. The abundance of nosZII was significantly stimulated by simulated climate change in both fertilized and non-fertilized soils. Moreover, different fertilizer types modulated the resilience of the microbial guilds. The AOA and the nirS-type denitrifying bacteria showed strong resilience, leading to a significant increase of N2O emissions in the manure-treated soil. The strong resilience was also observed in nosZII clade N2O-reducers, and the abundance of the species related to Candidatus Promineofilum breve and Gemmatirosa kalamazoonesis was stimulated by the legacy effect of simulated climate change in the urea-treated soil. The in situ N2O emissions were negatively correlated to nosZII rather than nosZI. These results highlight a significant potential of nosZII in mitigating N2O emissions under a projected climate change, especially in agroecosystems, where a large amount of fertilizers is commonly used.",https://doi.org/10.1016/J.SOILBIO.2020.107974,84,Integrated Nutrient Management,2026-03-10 14:38:16,,,,,,,,
29,10.1007/s11157-020-09523-3,Biochar physicochemical properties: pyrolysis temperature and feedstock kind effects,Agnieszka Tomczyk; Z. Sokołowska; Patrycja Boguta,Reviews in Environmental Science and Bio/Technology,2020,"Abstract Biochar is a pyrogenous, organic material synthesized through pyrolysis of different biomass (plant or animal waste). The potential biochar applications include: (1) pollution remediation due to high CEC and specific surface area; (2) soil fertility improvement on the way of liming effect, enrichment in volatile matter and increase of pore volume, (3) carbon sequestration due to carbon and ash content, etc. Biochar properties are affected by several technological parameters, mainly pyrolysis temperature and feedstock kind, which differentiation can lead to products with a wide range of values of pH, specific surface area, pore volume, CEC, volatile matter, ash and carbon content. High pyrolysis temperature promotes the production of biochar with a strongly developed specific surface area, high porosity, pH as well as content of ash and carbon, but with low values of CEC and content of volatile matter. This is most likely due to significant degree of organic matter decomposition. Biochars produced from animal litter and solid waste feedstocks exhibit lower surface areas, carbon content, volatile matter and high CEC compared to biochars produced from crop residue and wood biomass, even at higher pyrolysis temperatures. The reason for this difference is considerable variation in lignin and cellulose content as well as in moisture content of biomass. The physicochemical properties of biochar determine application of this biomaterial as an additive to improve soil quality. This review succinctly presents the impact of pyrolysis temperature and the type of biomass on the physicochemical characteristics of biochar and its impact on soil fertility.",https://doi.org/10.1007/s11157-020-09523-3,2481,Integrated Nutrient Management,2026-03-10 08:10:53,,,,,,,,
5,10.1016/j.jclepro.2020.122125,Potential environmental benefits of substituting nitrogen and phosphorus fertilizer with usable crop straw in China during 2000–2017,M. Zhuang; Jian Zhang; Zhaoyang Kong; R. Fleming; Chongyu Zhang; Zhongya Zhang,Journal of Cleaner Production,2020,"Abstract In order to meet growing food demand for the increasing population in China, chemical fertilizer has played a crucial role in increasing crop productivity in recent decades. However, the production of chemical fertilizer causes greenhouse gas (GHG) and atmospheric pollutant emissions, not to mention the effects of increased crop productivity, which creates a large mass of straw to be either burned or abandoned, leading to waste of resources, as well as GHG and atmospheric pollutant emissions. While many studies recognize the importance of substituting chemical fertilizer with straw as an organic alternative, little is known about the potential and spatiotemporal patterns in mitigating GHG and atmospheric pollutant through substituting chemical fertilizer with crop straw during the fertilizer production stage. We examine the potential impact of substituting straw for chemical fertilizer on the spatiotemporal pattern, and also examine the variation of both GHG and atmospheric pollutant emissions through using straw nutrient contents, emission factors, in combination with crop statistical data. Results show that, theoretically, accumulative nitrogen and phosphorus amounts from straw are estimated to be 55440.2 Gg and 16173.3 Gg, respectively, corresponding to 13.5% of total chemical nitrogen fertilizer and 11.5% of chemical phosphorus fertilizer. The substitution of chemical fertilizer with crop straw can mitigate 7088.8 Gg of GHG emissions, 19.9 Gg of NH3 emissions, 43.6 Gg of NOx emissions and 2.9 Gg of PM2.5 emissions annually. At the provincial level, Henan, Shandong, Sichuan, Hebei, Heilongjiang, Guangxi, Jiangsu and Anhui have the largest mitigation potential of GHG, NH3, NOx and PM2.5. High crop cultivation areas and yields in these provinces are the main cause of large emission mitigation. On the whole, the substitution of crop straw for chemical fertilizer is an effective measure to achieve crop waste utilization and to mitigate GHG, NH3, NOx and PM2.5 emissions. Finally, we propose three measures: innovation technologies for comprehensive straw utilization; multiple-channel financial support; and enhancing the awareness of resource recycling and environmental protection of farmers; as methods to promote straw-return, and thus achieve theoretical mitigation potential of GHG, NH3, NOx and PM2.5 emissions.",https://doi.org/10.1016/j.jclepro.2020.122125,58,Environmental Policy and P Regulation,2026-03-09 10:01:11,,,,,,,,
19,10.1016/J.GEODERMA.2018.11.052,Soil carbon sequestration to depth in response to long-term phosphorus fertilization of grazed pasture,Elizabeth C. Coonan; Elizabeth C. Coonan; A. Richardson; C. Kirkby; J. Kirkegaard; Martin R. Amidy,Geoderma,2019,"Abstract The impact of phosphorus (P) fertilizer application on the sequestration of soil organic carbon (C) was investigated in an acidic permanent pasture soil grazed by sheep. Data were collected after 20 years of P fertilization (average 19 kg P ha−1 year−1) compared to a non-P fertilized control, on a P deficient soil. The high P treatment had higher productivity and stocking rate (hereafter termed fertilization treatment). Soils to a depth of 110 cm were analysed for soil bulk density, whole soil C and nitrogen (N), and for C, N, P and sulphur (S) that was associated with a soil pool of fine fraction C (FFC). Fertilization and higher stocking rate had no effect on soil pH but led to a decrease in soil bulk density to depth, and an increase in total soil C that was associated with an increase in both the whole soil C (WSC) and the FFC throughout much of the soil profile. The increase in soil C was evident in both the C concentration (mg C kg−1 soil) and C stocks (Mg C ha−1) to a depth of at least 60 cm, with the largest difference between fertilizer treatments occurring in the top 10 cm soil layer. In the 0–10 cm layer, P fertilization increased soil organic matter (SOM) by ~1% from 3% SOM in the unfertilized treatment to 4% SOM in the fertilized treatment. Over the top 60 cm of soil profile, P fertilization increased total C stock by 12 Mg C ha−1, with 92% of the C stock associated with the FFC. The higher soil C in the fertilized treatment was also correlated with a concomitant increase in N, P and S content in the FFC pool (R2 = 0.97, 0.89 to 0.82 for N, P and S, respectively), whereas in the unfertilized treatment nutrient correlations with C in the FFS were observed for N and S only. Although C:N, C:P and C:S nutrient mass ratios in the FFC pool differed markedly with soil depth, no significant difference in nutrient ratios were observed due to fertilizer treatment for any of the nutrients. Collectively our data indicate that sustained P input to a texture contrast pasture soil (Yellow Chromosol) and its associated increase in stocking rate and productivity in a temperate climate had significant long-term benefit for C sequestration and accumulation of soil organic matter (SOM) throughout the soil profile.",https://doi.org/10.1016/J.GEODERMA.2018.11.052,43,Environmental Policy and P Regulation,2026-03-09 10:21:47,,,,,,,,
13,10.5194/essd-11-959-2019,EDGAR v4.3.2 Global Atlas of the three major greenhouse gas emissions for the period 1970–2012,Greet Janssens‐Maenhout; Monica Crippa; Diego Guizzardi; Marilena Muntean; Edwin Schaaf; Frank Dentener,Earth system science data,2019,"Abstract. The Emissions Database for Global Atmospheric Research (EDGAR) compiles anthropogenic emissions data for greenhouse gases (GHGs), and for multiple air pollutants, based on international statistics and emission factors. EDGAR data provide quantitative support for atmospheric modelling and for mitigation scenario and impact assessment analyses as well as for policy evaluation. The new version (v4.3.2) of the EDGAR emission inventory provides global estimates, broken down to IPCC-relevant source-sector levels, from 1970 (the year of the European Union's first Air Quality Directive) to 2012 (the end year of the first commitment period of the Kyoto Protocol, KP). Strengths of EDGAR v4.3.2 include global geo-coverage (226 countries), continuity in time, and comprehensiveness in activities. Emissions of multiple chemical compounds, GHGs as well as air pollutants, from relevant sources (fossil fuel activities but also, for example, fermentation processes in agricultural activities) are compiled following a bottom-up (BU), transparent and IPCC-compliant methodology. This paper describes EDGAR v4.3.2 developments with respect to three major long-lived GHGs (CO2, CH4, and N2O) derived from a wide range of human activities apart from the land-use, land-use change and forestry (LULUCF) sector and apart from savannah burning; a companion paper quantifies and discusses emissions of air pollutants. Detailed information is included for each of the IPCC-relevant source sectors, leading to global totals for 2010 (in the middle of the first KP commitment period) (with a 95 % confidence interval in parentheses): 33.6(±5.9) Pg CO2 yr−1, 0.34(±0.16) Pg CH4 yr−1, and 7.2(±3.7) Tg N2O yr−1. We provide uncertainty factors in emissions data for the different GHGs and for three different groups of countries: OECD countries of 1990, countries with economies in transition in 1990, and the remaining countries in development (the UNFCCC non-Annex I parties). We document trends for the major emitting countries together with the European Union in more detail, demonstrating that effects of fuel markets and financial instability have had greater impacts on GHG trends than effects of income or population. These data (https://doi.org/10.5281/zenodo.2658138, Janssens-Maenhout et al., 2019) are visualised with annual and monthly global emissions grid maps of 0.1∘×0.1∘ for each source sector.",https://doi.org/10.5194/essd-11-959-2019,776,Environmental Policy and P Regulation,2026-03-09 10:19:51,,,,,,,,
16,10.1111/gcb.14514,"Global soil nitrous oxide emissions since the preindustrial era estimated by an ensemble of terrestrial biosphere models: Magnitude, attribution, and uncertainty",H. Tian; Jia Yang; R. Xu; Chaoqun Lu; J. Canadell; E. Davidson,Global Change Biology,2018,"Our understanding and quantification of global soil nitrous oxide (N2O) emissions and the underlying processes remain largely uncertain. Here, we assessed the effects of multiple anthropogenic and natural factors, including nitrogen fertilizer (N) application, atmospheric N deposition, manure N application, land cover change, climate change, and rising atmospheric CO2 concentration, on global soil N2O emissions for the period 1861–2016 using a standard simulation protocol with seven process‐based terrestrial biosphere models. Results suggest global soil N2O emissions have increased from 6.3 ± 1.1 Tg N2O‐N/year in the preindustrial period (the 1860s) to 10.0 ± 2.0 Tg N2O‐N/year in the recent decade (2007–2016). Cropland soil emissions increased from 0.3 Tg N2O‐N/year to 3.3 Tg N2O‐N/year over the same period, accounting for 82% of the total increase. Regionally, China, South Asia, and Southeast Asia underwent rapid increases in cropland N2O emissions since the 1970s. However, US cropland N2O emissions had been relatively flat in magnitude since the 1980s, and EU cropland N2O emissions appear to have decreased by 14%. Soil N2O emissions from predominantly natural ecosystems accounted for 67% of the global soil emissions in the recent decade but showed only a relatively small increase of 0.7 ± 0.5 Tg N2O‐N/year (11%) since the 1860s. In the recent decade, N fertilizer application, N deposition, manure N application, and climate change contributed 54%, 26%, 15%, and 24%, respectively, to the total increase. Rising atmospheric CO2 concentration reduced soil N2O emissions by 10% through the enhanced plant N uptake, while land cover change played a minor role. Our estimation here does not account for indirect emissions from soils and the directed emissions from excreta of grazing livestock. To address uncertainties in estimating regional and global soil N2O emissions, this study recommends several critical strategies for improving the process‐based simulations.",http://pure.iiasa.ac.at/id/eprint/15570/1/Tian_et_al-2018-Global_Change_Biology.pdf,311,Environmental Policy and P Regulation,2026-03-09 10:20:49,,,,,,,,
21,10.1186/s40538-016-0085-1,Multiple benefits of legumes for agriculture sustainability: an overview,Fabio Stagnari; Albino Maggio; Angelica Galieni; Michele Pisante,Chemical and Biological Technologies in Agriculture,2017,"Food security, lowering the risk of climate change and meeting the increasing demand for energy will increasingly be critical challenges in the years to come. Producing sustainably is therefore becoming central in agriculture and food systems. Legume crops could play an important role in this context by delivering multiple services in line with sustainability principles. In addition to serving as fundamental, worldwide source of high-quality food and feed, legumes contribute to reduce the emission of greenhouse gases, as they release 5–7 times less GHG per unit area compared with other crops; allow the sequestration of carbon in soils with values estimated from 7.21 g kg−1 DM, 23.6 versus 21.8 g C kg−1 year; and induce a saving of fossil energy inputs in the system thanks to N fertilizer reduction, corresponding to 277 kg ha−1 of CO2 per year. Legumes could also be competitive crops and, due to their environmental and socioeconomic benefits, could be introduced in modern cropping systems to increase crop diversity and reduce use of external inputs. They also perform well in conservation systems, intercropping systems, which are very important in developing countries as well as in low-input and low-yield farming systems. Legumes fix the atmospheric nitrogen, release in the soil high-quality organic matter and facilitate soil nutrients’ circulation and water retention. Based on these multiple functions, legume crops have high potential for conservation agriculture, being functional either as growing crop or as crop residue.",https://doi.org/10.1186/s40538-016-0085-1,958,Integrated Nutrient Management,2026-03-10 08:08:18,,,,,,,,
24,10.1007/s11104-014-2131-8,Agricultural uses of plant biostimulants,Pamela Calvo; Louise M. Nelson; Joseph W. Kloepper,Plant and Soil,2014,"Plant biostimulants are diverse substances and microorganisms used to enhance plant growth. The global market for biostimulants is projected to increase 12 % per year and reach over $2,200 million by 2018. Despite the growing use of biostimulants in agriculture, many in the scientific community consider biostimulants to be lacking peer-reviewed scientific evaluation. This article describes the emerging definitions of biostimulants and reviews the literature on five categories of biostimulants: i. microbial inoculants, ii. humic acids, iii. fulvic acids, iv. protein hydrolysates and amino acids, and v. seaweed extracts. The large number of publications cited for each category of biostimulants demonstrates that there is growing scientific evidence supporting the use of biostimulants as agricultural inputs on diverse plant species. The cited literature also reveals some commonalities in plant responses to different biostimulants, such as increased root growth, enhanced nutrient uptake, and stress tolerance.",https://doi.org/10.1007/s11104-014-2131-8,2132,Integrated Nutrient Management,2026-03-10 08:09:16,,,,,,,,
28,10.1073/pnas.1308149110,"Biomass use, production, feed efficiencies, and greenhouse gas emissions from global livestock systems",Mario Herrero; Peter Havlík; Hugo Valin; An Notenbaert; Mariana C. Rufino; Philip K. Thornton,Proceedings of the National Academy of Sciences,2013,"We present a unique, biologically consistent, spatially disaggregated global livestock dataset containing information on biomass use, production, feed efficiency, excretion, and greenhouse gas emissions for 28 regions, 8 livestock production systems, 4 animal species (cattle, small ruminants, pigs, and poultry), and 3 livestock products (milk, meat, and eggs). The dataset contains over 50 new global maps containing high-resolution information for understanding the multiple roles (biophysical, economic, social) that livestock can play in different parts of the world. The dataset highlights: (i) feed efficiency as a key driver of productivity, resource use, and greenhouse gas emission intensities, with vast differences between production systems and animal products; (ii) the importance of grasslands as a global resource, supplying almost 50% of biomass for animals while continuing to be at the epicentre of land conversion processes; and (iii) the importance of mixed crop–livestock systems, producing the greater part of animal production (over 60%) in both the developed and the developing world. These data provide critical information for developing targeted, sustainable solutions for the livestock sector and its widely ranging contribution to the global food system.",https://doi.org/10.1073/pnas.1308149110,1195,Integrated Nutrient Management,2026-03-10 08:10:33,,,,,,,,
26,10.1038/ismej.2013.160,Linking N2O emissions from biochar-amended soil to the structure and function of the N-cycling microbial community,Johannes Harter; Hans-Martin Krause; Stefanie Schuettler; Reiner Ruser; Markus Fromme; Thomas Scholten,The ISME Journal,2013,"Nitrous oxide (N2O) contributes 8% to global greenhouse gas emissions. Agricultural sources represent about 60% of anthropogenic N2O emissions. Most agricultural N2O emissions are due to increased fertilizer application. A considerable fraction of nitrogen fertilizers are converted to N2O by microbiological processes (that is, nitrification and denitrification). Soil amended with biochar (charcoal created by pyrolysis of biomass) has been demonstrated to increase crop yield, improve soil quality and affect greenhouse gas emissions, for example, reduce N2O emissions. Despite several studies on variations in the general microbial community structure due to soil biochar amendment, hitherto the specific role of the nitrogen cycling microbial community in mitigating soil N2O emissions has not been subject of systematic investigation. We performed a microcosm study with a water-saturated soil amended with different amounts (0%, 2% and 10% (w/w)) of high-temperature biochar. By quantifying the abundance and activity of functional marker genes of microbial nitrogen fixation (nifH), nitrification (amoA) and denitrification (nirK, nirS and nosZ) using quantitative PCR we found that biochar addition enhanced microbial nitrous oxide reduction and increased the abundance of microorganisms capable of N2-fixation. Soil biochar amendment increased the relative gene and transcript copy numbers of the nosZ-encoded bacterial N2O reductase, suggesting a mechanistic link to the observed reduction in N2O emissions. Our findings contribute to a better understanding of the impact of biochar on the nitrogen cycling microbial community and the consequences of soil biochar amendment for microbial nitrogen transformation processes and N2O emissions from soil.",https://doi.org/10.1038/ismej.2013.160,647,Integrated Nutrient Management,2026-03-10 08:09:55,,,,,,,,
12,10.1073/pnas.1219993110,Ammonia oxidation pathways and nitrifier denitrification are significant sources of N <sub>2</sub> O and NO under low oxygen availability,Xia Zhu‐Barker; Martin Burger; Timothy A. Doane; William R. Horwáth,Proceedings of the National Academy of Sciences,2013,"The continuous increase of nitrous oxide (N2O) abundance in the atmosphere is a global concern. Multiple pathways of N2O production occur in soil, but their significance and dependence on oxygen (O2) availability and nitrogen (N) fertilizer source are poorly understood. We examined N2O and nitric oxide (NO) production under 21%, 3%, 1%, 0.5%, and 0% (vol/vol) O2 concentrations following urea or ammonium sulfate [(NH4)2SO4] additions in loam, clay loam, and sandy loam soils that also contained ample nitrate. The contribution of the ammonia (NH3) oxidation pathways (nitrifier nitrification, nitrifier denitrification, and nitrification-coupled denitrification) and heterotrophic denitrification (HD) to N2O production was determined in 36-h incubations in microcosms by (15)N-(18)O isotope and NH3 oxidation inhibition (by 0.01% acetylene) methods. Nitrous oxide and NO production via NH3 oxidation pathways increased as O2 concentrations decreased from 21% to 0.5%. At low (0.5% and 3%) O2 concentrations, nitrifier denitrification contributed between 34% and 66%, and HD between 34% and 50% of total N2O production. Heterotrophic denitrification was responsible for all N2O production at 0% O2. Nitrifier denitrification was the main source of N2O production from ammonical fertilizer under low O2 concentrations with urea producing more N2O than (NH4)2SO4 additions. These findings challenge established thought attributing N2O emissions from soils with high water content to HD due to presumably low O2 availability. Our results imply that management practices that increase soil aeration, e.g., reducing compaction and enhancing soil structure, together with careful selection of fertilizer sources and/or nitrification inhibitors, could decrease N2O production in agricultural soils.",https://doi.org/10.1073/pnas.1219993110,815,Environmental Policy and P Regulation,2026-03-09 10:19:32,,,,,,,,
30,10.1007/s11104-012-1248-x,Effects of simulated drought and nitrogen fertilizer on plant productivity and nitrous oxide (N2O) emissions of two pastures,Adrian A. Hartmann; Pascal A. Niklaus,Plant and Soil,2012,,https://doi.org/10.1007/s11104-012-1248-x,56,Integrated Nutrient Management,2026-03-10 08:11:12,,,,,,,,
18,10.1073/pnas.1211238109,Unexpected nondenitrifier nitrous oxide reductase gene diversity and abundance in soils,Robert A. Sanford; Darlene Wagner; Qingzhong Wu; Joanne C. Chee‐Sanford; Sara Thomas; Claribel Cruz-García,Proceedings of the National Academy of Sciences,2012,"Agricultural and industrial practices more than doubled the intrinsic rate of terrestrial N fixation over the past century with drastic consequences, including increased atmospheric nitrous oxide (N(2)O) concentrations. N(2)O is a potent greenhouse gas and contributor to ozone layer destruction, and its release from fixed N is almost entirely controlled by microbial activities. Mitigation of N(2)O emissions to the atmosphere has been attributed exclusively to denitrifiers possessing NosZ, the enzyme system catalyzing N(2)O to N(2) reduction. We demonstrate that diverse microbial taxa possess divergent nos clusters with genes that are related yet evolutionarily distinct from the typical nos genes of denitirifers. nos clusters with atypical nosZ occur in Bacteria and Archaea that denitrify (44% of genomes), do not possess other denitrification genes (56%), or perform dissimilatory nitrate reduction to ammonium (DNRA; (31%). Experiments with the DNRA soil bacterium Anaeromyxobacter dehalogenans demonstrated that the atypical NosZ is an effective N(2)O reductase, and PCR-based surveys suggested that atypical nosZ are abundant in terrestrial environments. Bioinformatic analyses revealed that atypical nos clusters possess distinctive regulatory and functional components (e.g., Sec vs. Tat secretion pathway in typical nos), and that previous nosZ-targeted PCR primers do not capture the atypical nosZ diversity. Collectively, our results suggest that nondenitrifying populations with a broad range of metabolisms and habitats are potentially significant contributors to N(2)O consumption. Apparently, a large, previously unrecognized group of environmental nosZ has not been accounted for, and characterizing their contributions to N(2)O consumption will advance understanding of the ecological controls on N(2)O emissions and lead to refined greenhouse gas flux models.",https://doi.org/10.1073/pnas.1211238109,645,Environmental Policy and P Regulation,2026-03-09 10:21:27,,,,,,,,
20,10.1111/j.1365-2486.2010.02349.x,Nonlinear nitrous oxide (N2O) response to nitrogen fertilizer in on‐farm corn crops of the US Midwest,J. P. Hoben; R. Gehl; N. Millar; Peter R. Grace; G. Robertson,Global Change Biology,2011,,https://doi.org/10.1111/j.1365-2486.2010.02349.x,435,Environmental Policy and P Regulation,2026-03-09 10:22:06,,,,,,,,
17,10.1007/S11027-010-9212-7,Nitrogen fertilizer management for nitrous oxide (N2O) mitigation in intensive corn (Maize) production: an emissions reduction protocol for US Midwest agriculture,N. Millar; G. Robertson; Peter R. Grace; R. Gehl; J. P. Hoben,Mitigation and Adaptation Strategies for Global Change,2010,"Nitrous oxide (N2O) is a major greenhouse gas (GHG) product of intensive agriculture. Fertilizer nitrogen (N) rate is the best single predictor of N2O emissions in row-crop agriculture in the US Midwest. We use this relationship to propose a transparent, scientifically robust protocol that can be utilized by developers of agricultural offset projects for generating fungible GHG emission reduction credits for the emerging US carbon cap and trade market. By coupling predicted N2O flux with the recently developed maximum return to N (MRTN) approach for determining economically profitable N input rates for optimized crop yield, we provide the basis for incentivizing N2O reductions without affecting yields. The protocol, if widely adopted, could reduce N2O from fertilized row-crop agriculture by more than 50%. Although other management and environmental factors can influence N2O emissions, fertilizer N rate can be viewed as a single unambiguous proxy—a transparent, tangible, and readily manageable commodity. Our protocol addresses baseline establishment, additionality, permanence, variability, and leakage, and provides for producers and other stakeholders the economic and environmental incentives necessary for adoption of agricultural N2O reduction offset projects.",https://link.springer.com/content/pdf/10.1007/s11027-010-9212-7.pdf,274,Integrated Nutrient Management,2026-03-09 10:21:08,,,,,,,,
25,10.1890/05-2018,LIFE-CYCLE ASSESSMENT OF NET GREENHOUSE-GAS FLUX FOR BIOENERGY CROPPING SYSTEMS,Paul R. Adler; Stephen J. Del Grosso; William J. Parton,Ecological Applications,2007,"Bioenergy cropping systems could help offset greenhouse gas emissions, but quantifying that offset is complex. Bioenergy crops offset carbon dioxide emissions by converting atmospheric CO2 to organic C in crop biomass and soil, but they also emit nitrous oxide and vary in their effects on soil oxidation of methane. Growing the crops requires energy (e.g., to operate farm machinery, produce inputs such as fertilizer) and so does converting the harvested product to usable fuels (feedstock conversion efficiency). The objective of this study was to quantify all these factors to determine the net effect of several bioenergy cropping systems on greenhouse-gas (GHG) emissions. We used the DAYCENT biogeochemistry model to assess soil GHG fluxes and biomass yields for corn, soybean, alfalfa, hybrid poplar, reed canarygrass, and switchgrass as bioenergy crops in Pennsylvania, USA. DAYCENT results were combined with estimates of fossil fuels used to provide farm inputs and operate agricultural machinery and fossil-fuel offsets from biomass yields to calculate net GHG fluxes for each cropping system considered. Displaced fossil fuel was the largest GHG sink, followed by soil carbon sequestration. N20 emissions were the largest GHG source. All cropping systems considered provided net GHG sinks, even when soil C was assumed to reach a new steady state and C sequestration in soil was not counted. Hybrid poplar and switchgrass provided the largest net GHG sinks, >200 g CO2e-C x m(-2) x yr(-1) for biomass conversion to ethanol, and >400 g CO2e-C x m(-2) x yr(-1) for biomass gasification for electricity generation. Compared with the life cycle of gasoline and diesel, ethanol and biodiesel from corn rotations reduced GHG emissions by approximately 40%, reed canarygrass by approximately 85%, and switchgrass and hybrid poplar by approximately 115%.",https://doi.org/10.1890/05-2018,648,Integrated Nutrient Management,2026-03-10 08:09:35,,,,,,,,
27,10.1641/0006-3568(2005)055[0573:eeaeco]2.0.co;2,"Environmental, Energetic, and Economic Comparisons of Organic and Conventional Farming Systems",David Pimentel; Paul R. Hepperly; James Hanson; David D. Douds; Rita Seidel,BioScience,2005,"H eavy agricultural reliance on synthetic chemical fertilizers and pesticides is having serious impacts on public health and the environment For example, more than 90% of US corn farmers rely on herbicides for weed control The estimated environmental and health care costs of pesticide use at recommended levels in the United States run about $12 billion every year",https://doi.org/10.1641/0006-3568(2005)055[0573:eeaeco]2.0.co;2,1250,Integrated Nutrient Management,2026-03-10 08:10:14,,,,,,,,
22,10.1029/93gb02725,Terrestrial ecosystem production: A process model based on global satellite and surface data,Christopher Potter; James T. Randerson; Christopher B. Field; Pamela A. Matson; Peter M. Vitousek; Harold A. Mooney,Global Biogeochemical Cycles,1993,"This paper presents a modeling approach aimed at seasonal resolution of global climatic and edaphic controls on patterns of terrestrial ecosystem production and soil microbial respiration. We use satellite imagery (Advanced Very High Resolution Radiometer and International Satellite Cloud Climatology Project solar radiation), along with historical climate (monthly temperature and precipitation) and soil attributes (texture, C and N contents) from global (1°) data sets as model inputs. The Carnegie‐Ames‐Stanford approach (CASA) Biosphere model runs on a monthly time interval to simulate seasonal patterns in net plant carbon fixation, biomass and nutrient allocation, litterfall, soil nitrogen mineralization, and microbial CO 2 production. The model estimate of global terrestrial net primary production is 48 Pg C yr −1 with a maximum light use efficiency of 0.39 g C MJ −1 PAR. Over 70% of terrestrial net production takes place between 30°N and 30°S latitude. Steady state pools of standing litter represent global storage of around 174 Pg C (94 and 80 Pg C in nonwoody and woody pools, respectively), whereas the pool of soil C in the top 0.3 m that is turning over on decadal time scales comprises 300 Pg C. Seasonal variations in atmospheric CO 2 concentrations from three stations in the Geophysical Monitoring for Climate Change Flask Sampling Network correlate significantly with estimated net ecosystem production values averaged over 50°–80° N, 10°–30° N, and 0°–10° N.",https://doi.org/10.1029/93gb02725,2980,Integrated Nutrient Management,2026-03-10 08:08:37,,,,,,,,
